-- phpMyAdmin SQL Dump
-- version 5.2.0
-- https://www.phpmyadmin.net/
--
-- Host: 127.0.0.1
-- Generation Time: May 29, 2023 at 10:46 AM
-- Server version: 10.4.25-MariaDB
-- PHP Version: 8.1.10

SET SQL_MODE = "NO_AUTO_VALUE_ON_ZERO";
START TRANSACTION;
SET time_zone = "+00:00";


/*!40101 SET @OLD_CHARACTER_SET_CLIENT=@@CHARACTER_SET_CLIENT */;
/*!40101 SET @OLD_CHARACTER_SET_RESULTS=@@CHARACTER_SET_RESULTS */;
/*!40101 SET @OLD_COLLATION_CONNECTION=@@COLLATION_CONNECTION */;
/*!40101 SET NAMES utf8mb4 */;

--
-- Database: `code_camp_bd_fos`
--

-- --------------------------------------------------------

--
-- Table structure for table `admin`
--

CREATE TABLE `admin` (
  `adm_id` int(11) NOT NULL,
  `username` varchar(222) NOT NULL,
  `password` varchar(222) NOT NULL,
  `email` varchar(222) NOT NULL,
  `code` varchar(222) NOT NULL,
  `date` timestamp NOT NULL DEFAULT current_timestamp() ON UPDATE current_timestamp()
) ENGINE=InnoDB DEFAULT CHARSET=latin1;

--
-- Dumping data for table `admin`
--

INSERT INTO `admin` (`adm_id`, `username`, `password`, `email`, `code`, `date`) VALUES
(1, 'Yaa', '25d55ad283aa400af464c76d713c07ad', 'admin@gmail.com', '', '2023-05-03 00:49:16');

-- --------------------------------------------------------

--
-- Table structure for table `dishes`
--

CREATE TABLE `dishes` (
  `d_id` int(11) NOT NULL,
  `rs_id` int(11) NOT NULL,
  `title` varchar(222) NOT NULL,
  `slogan` varchar(222) NOT NULL,
  `price` decimal(10,2) NOT NULL,
  `img` varchar(222) NOT NULL
) ENGINE=InnoDB DEFAULT CHARSET=latin1;

--
-- Dumping data for table `dishes`
--

INSERT INTO `dishes` (`d_id`, `rs_id`, `title`, `slogan`, `price`, `img`) VALUES
(1, 1, 'Yorkshire Lamb Patties', 'Lamb patties which melt in your mouth, and are quick and easy to make. Served hot with a crisp salad.', '14.00', '62908867a48e4.jpg'),
(2, 1, 'Lobster Thermidor', 'Lobster Thermidor is a French dish of lobster meat cooked in a rich wine sauce, stuffed back into a lobster shell, and browned.', '36.00', '629089fee52b9.jpg'),
(3, 4, 'Chicken Madeira', 'Chicken Madeira, like Chicken Marsala, is made with chicken, mushrooms, and a special fortified wine. But, the wines are different;', '23.00', '62908bdf2f581.jpg'),
(4, 1, 'Stuffed Jacket Potatoes', 'Deep fry whole potatoes in oil for 8-10 minutes or coat each potato with little oil. Mix the onions, garlic, tomatoes and mushrooms. Add yoghurt, ginger, garlic, chillies, coriander', '8.00', '62908d393465b.jpg'),
(5, 2, 'Pink Spaghetti Gamberoni', 'Spaghetti with prawns in a fresh tomato sauce. This dish originates from Southern Italy and with the combination of prawns, garlic, chilli and pasta. Garnish each with remaining tablespoon parsley.', '21.00', '6451b7b4d95a1.jpg'),
(6, 2, 'Cheesy Mashed Potato', 'Deliciously Cheesy Mashed Potato. The ultimate mash for your Thanksgiving table or the perfect accompaniment to vegan sausage casserole. Everyone will love it\'s fluffy, cheesy.', '5.00', '606d74c416da5.jpg'),
(7, 2, 'Crispy Chicken Strips', 'Fried chicken strips, served with special honey mustard sauce.', '8.00', '606d74f6ecbbb.jpg'),
(8, 2, 'Lemon Grilled Chicken And Pasta', 'Marinated rosemary grilled chicken breast served with mashed potatoes and your choice of pasta.', '11.00', '6459fa2ad7bd2.jpg'),
(9, 3, 'Vegetable Fried Rice', 'Chinese rice wok with cabbage, beans, carrots, and spring onions.', '5.00', '606d7575798fb.jpg'),
(10, 3, 'Prawn Crackers', '12 pieces deep-fried prawn crackers', '7.00', '606d75a7e21ec.jpg'),
(11, 3, 'Spring Rolls', 'Lightly seasoned shredded cabbage, onion and carrots, wrapped in house made spring roll wrappers, deep fried to golden brown.', '6.00', '606d75ce105d0.jpg'),
(12, 3, 'Manchurian Chicken', 'Chicken pieces slow cooked with spring onions in our house made manchurian style sauce.', '11.00', '606d7600dc54c.jpg'),
(13, 4, ' Buffalo Wings', 'Fried chicken wings tossed in spicy Buffalo sauce served with crisp celery sticks and Blue cheese dip.', '11.00', '606d765f69a19.jpg'),
(14, 4, 'Mac N Cheese Bites', 'Served with our traditional spicy queso and marinara sauce.', '9.00', '606d768a1b2a1.jpg'),
(15, 4, 'Signature Potato Twisters', 'Spiral sliced potatoes, topped with our traditional spicy queso, Monterey Jack cheese, pico de gallo, sour cream and fresh cilantro.', '6.00', '606d76ad0c0cb.jpg'),
(16, 1, 'Meatballs Penne Pasta', 'Garlic-herb beef meatballs tossed in our house-made marinara sauce and penne pasta topped with fresh parsley.', '10.00', '6451b68a46b00.jpg'),
(17, 5, 'Lot Cha ', 'Lot Cha Banteay Meanchey', '2.00', '6451cfe24987b.jpg');

-- --------------------------------------------------------

--
-- Table structure for table `remark`
--

CREATE TABLE `remark` (
  `id` int(11) NOT NULL,
  `frm_id` int(11) NOT NULL,
  `status` varchar(255) NOT NULL,
  `remark` mediumtext NOT NULL,
  `remarkDate` timestamp NOT NULL DEFAULT current_timestamp()
) ENGINE=InnoDB DEFAULT CHARSET=latin1;

--
-- Dumping data for table `remark`
--

INSERT INTO `remark` (`id`, `frm_id`, `status`, `remark`, `remarkDate`) VALUES
(16, 23, 'closed', 'you are paid', '2023-05-02 15:24:30'),
(17, 26, 'in process', 'Pay luy mk', '2023-05-03 01:38:54'),
(18, 26, 'closed', 'paid', '2023-05-03 01:40:08'),
(19, 24, 'closed', 'you are paid', '2023-05-25 08:42:29');

-- --------------------------------------------------------

--
-- Table structure for table `restaurant`
--

CREATE TABLE `restaurant` (
  `rs_id` int(11) NOT NULL,
  `c_id` int(11) NOT NULL,
  `title` varchar(222) NOT NULL,
  `email` varchar(222) NOT NULL,
  `phone` varchar(222) NOT NULL,
  `url` varchar(222) NOT NULL,
  `o_hr` varchar(222) NOT NULL,
  `c_hr` varchar(222) NOT NULL,
  `o_days` varchar(222) NOT NULL,
  `address` text NOT NULL,
  `image` text NOT NULL,
  `date` timestamp NOT NULL DEFAULT current_timestamp() ON UPDATE current_timestamp()
) ENGINE=InnoDB DEFAULT CHARSET=latin1;

--
-- Dumping data for table `restaurant`
--

INSERT INTO `restaurant` (`rs_id`, `c_id`, `title`, `email`, `phone`, `url`, `o_hr`, `c_hr`, `o_days`, `address`, `image`, `date`) VALUES
(1, 1, 'North Street Tavern', 'nthavern@mail.com', '3547854700', 'www.northstreettavern.com', '8am', '8pm', 'mon-sat', '1128 North St, White Plains', '6290877b473ce.jpg', '2022-05-27 08:10:35'),
(2, 2, 'Siem Reap ', 'siemreap@gmail.com', '0978982802', 'www.siemreapfood.com', '8am', '8pm', 'mon-sat', ' 450 Siem Reap St, Pub Street ', '6451b932ed2c6.jpg', '2023-05-03 01:30:26'),
(3, 3, 'Nan Xiang Xiao Long Bao', 'nanxiangbao45@mail.com', '1458745855', 'www.nanxiangbao45.com', '9am', '8pm', 'mon-sat', 'Queens, New York', '6290860e72d1e.jpg', '2022-05-27 08:04:30'),
(4, 4, 'Highlands Bar & Grill', 'hbg@mail.com', '6545687458', 'www.hbg.com', '7am', '8pm', 'mon-sat', '812 Walter Street', '6290af6f81887.jpg', '2022-05-27 11:01:03'),
(5, 2, 'Banteay Meanchey', 'banteaymeanchey@gmail.com', '0979799449', 'www.banteaymeancheyfood.com', '7am', '7pm', 'Mon-Sat', '500, Banteay Meanchey, Svay, Night Street.', '6451ccf78b3e3.jpg', '2023-05-03 02:54:47');

-- --------------------------------------------------------

--
-- Table structure for table `res_category`
--

CREATE TABLE `res_category` (
  `c_id` int(11) NOT NULL,
  `c_name` varchar(222) NOT NULL,
  `date` timestamp NOT NULL DEFAULT current_timestamp() ON UPDATE current_timestamp()
) ENGINE=InnoDB DEFAULT CHARSET=latin1;

--
-- Dumping data for table `res_category`
--

INSERT INTO `res_category` (`c_id`, `c_name`, `date`) VALUES
(1, 'Thailand', '2023-05-02 16:42:38'),
(2, 'Cambodia', '2023-05-02 16:42:25'),
(3, 'Chinese', '2021-04-07 08:45:25'),
(4, 'American', '2021-04-07 08:45:28'),
(5, 'Vietnam', '2023-05-09 07:44:27');

-- --------------------------------------------------------

--
-- Table structure for table `users`
--

CREATE TABLE `users` (
  `u_id` int(11) NOT NULL,
  `username` varchar(222) NOT NULL,
  `f_name` varchar(222) NOT NULL,
  `l_name` varchar(222) NOT NULL,
  `email` varchar(222) NOT NULL,
  `phone` varchar(222) NOT NULL,
  `password` varchar(222) NOT NULL,
  `address` text NOT NULL,
  `status` int(11) NOT NULL DEFAULT 1,
  `date` timestamp NOT NULL DEFAULT current_timestamp() ON UPDATE current_timestamp()
) ENGINE=InnoDB DEFAULT CHARSET=latin1;

--
-- Dumping data for table `users`
--

INSERT INTO `users` (`u_id`, `username`, `f_name`, `l_name`, `email`, `phone`, `password`, `address`, `status`, `date`) VALUES
(9, 'Nun', 'Trean', 'Chhanon', 'nun@gmail.com', '0978982802', '25d55ad283aa400af464c76d713c07ad', 'Siem Reap', 1, '2023-05-02 14:56:46'),
(10, 'Yaa', 'Phat', 'Viriya', 'Yaa@gmail.com', '0979799449', '25d55ad283aa400af464c76d713c07ad', '502, Phnom Penh', 1, '2023-05-03 08:17:25');

-- --------------------------------------------------------

--
-- Table structure for table `users_orders`
--

CREATE TABLE `users_orders` (
  `o_id` int(11) NOT NULL,
  `u_id` int(11) NOT NULL,
  `title` varchar(222) NOT NULL,
  `quantity` int(11) NOT NULL,
  `price` decimal(10,2) NOT NULL,
  `status` varchar(222) DEFAULT NULL,
  `date` timestamp NOT NULL DEFAULT current_timestamp() ON UPDATE current_timestamp()
) ENGINE=InnoDB DEFAULT CHARSET=latin1;

--
-- Dumping data for table `users_orders`
--

INSERT INTO `users_orders` (`o_id`, `u_id`, `title`, `quantity`, `price`, `status`, `date`) VALUES
(23, 9, 'Yorkshire Lamb Patties', 1, '14.00', 'closed', '2023-05-02 15:24:30'),
(24, 9, 'Lobster Thermidor', 1, '36.00', 'closed', '2023-05-25 08:42:29'),
(26, 9, 'Pink Spaghetti Gamberoni', 1, '21.00', 'closed', '2023-05-03 01:40:08'),
(28, 9, 'Crispy Chicken Strips', 1, '8.00', NULL, '2023-05-09 12:04:15'),
(29, 9, 'Pink Spaghetti Gamberoni', 10, '21.00', NULL, '2023-05-09 12:23:57'),
(30, 9, 'Yorkshire Lamb Patties', 1, '14.00', NULL, '2023-05-09 12:37:03'),
(31, 9, 'Crispy Chicken Strips', 1, '8.00', NULL, '2023-05-09 12:39:20'),
(32, 9, 'Lot Cha ', 1, '2.00', NULL, '2023-05-09 12:44:42'),
(33, 9, 'Lemon Grilled Chicken And Pasta', 2, '11.00', NULL, '2023-05-09 12:45:14'),
(34, 9, 'Crispy Chicken Strips', 1, '8.00', NULL, '2023-05-09 12:45:14'),
(35, 9, 'Lot Cha ', 11, '2.00', NULL, '2023-05-09 12:46:04'),
(36, 9, 'Vegetable Fried Rice', 1, '5.00', NULL, '2023-05-09 12:46:35'),
(39, 10, 'Pink Spaghetti Gamberoni', 1, '21.00', NULL, '2023-05-27 09:58:18'),
(40, 10, 'Cheesy Mashed Potato', 1, '5.00', NULL, '2023-05-27 09:58:18'),
(41, 10, 'Cheesy Mashed Potato', 1, '5.00', NULL, '2023-05-27 09:58:35'),
(42, 10, 'Pink Spaghetti Gamberoni', 1, '21.00', NULL, '2023-05-27 09:59:11'),
(43, 10, 'Cheesy Mashed Potato', 1, '5.00', NULL, '2023-05-27 09:59:43');

--
-- Indexes for dumped tables
--

--
-- Indexes for table `admin`
--
ALTER TABLE `admin`
  ADD PRIMARY KEY (`adm_id`);

--
-- Indexes for table `dishes`
--
ALTER TABLE `dishes`
  ADD PRIMARY KEY (`d_id`);

--
-- Indexes for table `remark`
--
ALTER TABLE `remark`
  ADD PRIMARY KEY (`id`);

--
-- Indexes for table `restaurant`
--
ALTER TABLE `restaurant`
  ADD PRIMARY KEY (`rs_id`);

--
-- Indexes for table `res_category`
--
ALTER TABLE `res_category`
  ADD PRIMARY KEY (`c_id`);

--
-- Indexes for table `users`
--
ALTER TABLE `users`
  ADD PRIMARY KEY (`u_id`);

--
-- Indexes for table `users_orders`
--
ALTER TABLE `users_orders`
  ADD PRIMARY KEY (`o_id`);

--
-- AUTO_INCREMENT for dumped tables
--

--
-- AUTO_INCREMENT for table `admin`
--
ALTER TABLE `admin`
  MODIFY `adm_id` int(11) NOT NULL AUTO_INCREMENT, AUTO_INCREMENT=3;

--
-- AUTO_INCREMENT for table `dishes`
--
ALTER TABLE `dishes`
  MODIFY `d_id` int(11) NOT NULL AUTO_INCREMENT, AUTO_INCREMENT=18;

--
-- AUTO_INCREMENT for table `remark`
--
ALTER TABLE `remark`
  MODIFY `id` int(11) NOT NULL AUTO_INCREMENT, AUTO_INCREMENT=20;

--
-- AUTO_INCREMENT for table `restaurant`
--
ALTER TABLE `restaurant`
  MODIFY `rs_id` int(11) NOT NULL AUTO_INCREMENT, AUTO_INCREMENT=6;

--
-- AUTO_INCREMENT for table `res_category`
--
ALTER TABLE `res_category`
  MODIFY `c_id` int(11) NOT NULL AUTO_INCREMENT, AUTO_INCREMENT=6;

--
-- AUTO_INCREMENT for table `users`
--
ALTER TABLE `users`
  MODIFY `u_id` int(11) NOT NULL AUTO_INCREMENT, AUTO_INCREMENT=11;

--
-- AUTO_INCREMENT for table `users_orders`
--
ALTER TABLE `users_orders`
  MODIFY `o_id` int(11) NOT NULL AUTO_INCREMENT, AUTO_INCREMENT=44;
COMMIT;

/*!40101 SET CHARACTER_SET_CLIENT=@OLD_CHARACTER_SET_CLIENT */;
/*!40101 SET CHARACTER_SET_RESULTS=@OLD_CHARACTER_SET_RESULTS */;
/*!40101 SET COLLATION_CONNECTION=@OLD_COLLATION_CONNECTION */;
